                                                      {
                                                        "refactorings": {
                                                          "src/main/java/org/example/Library.java": [
                                                            {
                                                              "fromLine": 8,
                                                              "toLine": 10,
                                                              "oldContent": "
                                                                private boolean sign;
                                                                private double mantissa;
                                                                private int exponent;
                                                                "
                                                              "newContent": "
                                                                private NumProp numProp;
                                                                "
                                                            },
                                                            {
                                                              "fromLine": 3,
                                                              "toLine": 5,
                                                              "oldContent": "
                                                                System.out.println(sign);
                                                                System.out.println(mantissa);
                                                                System.out.println(exponent);
                                                                ",
                                                              "newContent": "
                                                                System.out.println(numProp.getSign());
                                                                System.out.println(numProp.getMantissa());
                                                                System.out.println(numProp.getExponent());
                                                                "
                                                            }
                                                          ]
                                                        },
                                                        "extractedClasses": {
                                                          "src/main/java/org/example/NumProp.java": "..."
                                                        }

                                                      }