{
    /*General project information*/
    "data_clumps": {
      "unique_key_1": {
        "type": "data_clump",
        "key": "unique_key_1",
        "probability": 1,
        "from_file_path": "src/main/java/org/example/MathStuff.java",
        "from_class_or_interface_name": "MathStuff",
        "from_class_or_interface_key": "org.example.MathStuff",
        "from_method_name": "printSum",
        "from_method_key": "from_method_key_1",
        "to_file_path": "src/main/java/org/example/BetterMathStuff.java",
        "to_class_or_interface_name": "BetterMathStuff",
        "to_class_or_interface_key": "org.example.BetterMathStuff",
        "to_method_name": "printMax",
        "to_method_key": "to_method_key_1",
        "data_clump_type": "parameters_to_parameters_data_clump",
        "data_clump_data": {
          "data_clump_data_key_1": {
            "key": "data_clump_data_key_1",
            "name": "x",
            "type": "int",
            "probability": 1,
            "modifiers": [],
            "to_variable": {
              "key": "data_clump_data_to_key_1",
              "name": "x",
              "type": "int",
              "modifiers": [],
              "position": {
                "startLine": 5,
                "startColumn": 40,
                "endLine": 5,
                "endColumn": 41
              }
            },
            "position": {
              "startLine": 21,
              "startColumn": 30,
              "endLine": 21,
              "endColumn": 31
            }
          }
          
        }
      }
    }
}
     